{
  "$schema": "http://json-schema.org/draft-04/schema#",
  "id": "/",
  "type": "object",
  "properties": {
    "order": {
      "id": "order",
      "type": "object",
      "properties": {
        "customerName": {
          "id": "customerName",
          "type": "string"
        },
        "orderId": {
          "id": "orderId",
          "type": "string"
        },
        "placementDate": {
          "id": "placementDate",
          "type": "string"
        },
        "orderItems": {
          "id": "orderItems",
          "type": "object",
          "properties": {
            "orderitem": {
              "id": "orderitem",
              "type": "array",
              "items": [
                {
                  "id": "0",
                  "type": "object",
                  "properties": {
                    "orderId": {
                      "id": "orderId",
                      "type": "string"
                    },
                    "itemid": {
                      "id": "itemid",
                      "type": "string"
                    },
                    "itemname": {
                      "id": "itemname",
                      "type": "string"
                    },
                    "itemprice": {
                      "id": "itemprice",
                      "type": "integer"
                    },
                    "itemcount": {
                      "id": "itemcount",
                      "type": "integer"
                    }
                  }
                },
                {
                  "id": "1",
                  "type": "object",
                  "properties": {
                    "orderId": {
                      "id": "orderId",
                      "type": "string"
                    },
                    "itemid": {
                      "id": "itemid",
                      "type": "string"
                    },
                    "itemname": {
                      "id": "itemname",
                      "type": "string"
                    },
                    "itemprice": {
                      "id": "itemprice",
                      "type": "integer"
                    },
                    "itemcount": {
                      "id": "itemcount",
                      "type": "integer"
                    }
                  }
                }
              ]
            }
          }
        }
      }
    }
  }
}