{
    "$schema": "http://acme.com/purchaseordersys/schema#orderitem",
    "id": "/",
    "type": "object",
    "properties": {
      "orderItems": {
        "id": "orderItems",
        "type": "object",
        "properties": {
          "orderitem": {
            "id": "orderitem",
            "type": "array",
            "items": {
              "id": "0",
              "type": "object",
              "properties": {
                "orderId": {
                  "id": "orderId",
                  "type": "string"
                },
                "itemid": {
                  "id": "itemid",
                  "type": "string"
                },
                "itemname": {
                  "id": "itemname",
                  "type": "string"
                },
                "itemprice": {
                  "id": "itemprice",
                  "type": "number"
                },
                "itemcount": {
                  "id": "itemcount",
                  "type": "integer"
                }
              }
            }
          }
        }
      }
    }
  }